date,Current_measured,Temperature_measured,Current_load,Voltage_load,Voltage_measured
2010-04-21 19:29:11.000,-0.00295291,45.45025267,0.0004,0.0,4.186047952
2010-04-21 19:29:20.343,-0.003276821,45.44827007,0.0004,4.202,4.186620638
2010-04-21 19:29:31.140,-1.006557467,45.47379823,0.9986,3.54,4.028630818
2010-04-21 19:29:41.187,-1.006476911,45.48637215,0.9986,3.535,4.02251373
2010-04-21 19:29:51.218,-1.006319998,45.48908389,0.9986,3.531,4.017545758
2010-04-21 19:30:01.312,-1.008150809,45.51132737,0.9986,3.529,4.013810156
2010-04-21 19:30:11.375,-1.0067182,45.52974069,0.9986,3.527,4.010754235
2010-04-21 19:30:21.468,-1.005501022,45.55505816,0.9986,3.525,4.007772278
2010-04-21 19:30:31.515,-1.007634688,45.58611818,0.9986,3.523,4.005211856
2010-04-21 19:30:41.562,-1.005451167,45.58656329,0.9986,3.521,4.002783453
2010-04-21 19:30:51.625,-1.006150498,45.62017841,0.9986,3.52,4.000530177
2010-04-21 19:31:01.671,-1.005267495,45.65557469,0.9986,3.518,3.998250494
2010-04-21 19:31:11.765,-1.007475065,45.66638016,0.9986,3.516,3.996403111
2010-04-21 19:31:21.843,-1.006421069,45.6893613,0.9986,3.515,3.994291877
2010-04-21 19:31:31.875,-1.004855156,45.70851556,0.9986,3.513,3.992470802
2010-04-21 19:31:41.921,-1.006319631,45.71295928,0.9986,3.511,3.990669382
2010-04-21 19:31:51.937,-1.00696844,45.73484531,0.9986,3.509,3.9889834
2010-04-21 19:32:02.062,-1.006661766,45.78157551,0.9986,3.507,3.98731676
2010-04-21 19:32:12.140,-1.006279966,45.79579125,0.9986,3.506,3.985555336
2010-04-21 19:32:22.187,-1.006871958,45.8129282,0.9986,3.505,3.983945811
2010-04-21 19:32:32.171,-1.007062934,45.8193504,0.9986,3.503,3.982147977
2010-04-21 19:32:42.234,-1.008085328,45.84681047,0.9986,3.501,3.980514002
2010-04-21 19:32:52.312,-1.007272433,45.87630751,0.9986,3.5,3.978910055
2010-04-21 19:33:02.375,-1.008161023,45.91104663,0.9986,3.499,3.977264096
2010-04-21 19:33:12.421,-1.006876805,45.92550818,0.9986,3.497,3.975755064
2010-04-21 19:33:22.484,-1.006057878,45.93771223,0.9986,3.495,3.974174817
2010-04-21 19:33:32.578,-1.006432993,45.95993044,0.9986,3.494,3.97264104
2010-04-21 19:33:42.703,-1.008215065,46.00033292,0.9986,3.493,3.971027771
2010-04-21 19:33:52.750,-1.0074274,45.99599367,0.9986,3.491,3.969506229
2010-04-21 19:34:02.843,-1.007299975,46.01330295,0.9986,3.489,3.967724671
2010-04-21 19:34:12.890,-1.00751996,46.04053147,0.9988,3.488,3.966204171
2010-04-21 19:34:22.890,-1.007894855,46.05872384,0.9986,3.487,3.964720631
2010-04-21 19:34:32.968,-1.006622637,46.07402313,0.9986,3.485,3.963229689
2010-04-21 19:34:43.031,-1.007611554,46.09296579,0.9986,3.484,3.961735272
2010-04-21 19:34:53.093,-1.007670145,46.10368831,0.9986,3.482,3.960159838
2010-04-21 19:35:03.187,-1.006490353,46.11510758,0.9986,3.481,3.958745107
2010-04-21 19:35:13.218,-1.004939173,46.13065223,0.9986,3.479,3.9567254
2010-04-21 19:35:23.250,-1.008407028,46.15412318,0.9986,3.478,3.955376952
2010-04-21 19:35:33.296,-1.00698085,46.16071069,0.9986,3.477,3.954073335
2010-04-21 19:35:43.406,-1.005110205,46.18604454,0.9986,3.475,3.952502809
2010-04-21 19:35:53.500,-1.004867139,46.20371431,0.9986,3.473,3.950875
2010-04-21 19:36:03.546,-1.00682455,46.21728157,0.9986,3.472,3.949315505
2010-04-21 19:36:13.593,-1.006623819,46.21641514,0.9986,3.47,3.947742837
2010-04-21 19:36:23.671,-1.006248291,46.23384456,0.9986,3.469,3.946287926
2010-04-21 19:36:33.734,-1.008226796,46.26110161,0.9986,3.467,3.944833246
2010-04-21 19:36:43.765,-1.006931512,46.26644243,0.9986,3.466,3.943165253
2010-04-21 19:36:53.812,-1.007013155,46.28435758,0.9986,3.465,3.941602294
2010-04-21 19:37:03.875,-1.007186557,46.30183924,0.9986,3.463,3.94020618
2010-04-21 19:37:13.968,-1.007922769,46.31029049,0.9986,3.461,3.938725278
2010-04-21 19:37:24.031,-1.006583619,46.32377043,0.9986,3.46,3.937253202
2010-04-21 19:37:34.125,-1.007529056,46.34146868,0.9986,3.459,3.935667271
2010-04-21 19:37:44.171,-1.008145242,46.35902919,0.9986,3.457,3.934060088
2010-04-21 19:37:54.265,-1.007810391,46.3716996,0.9986,3.455,3.932385949
2010-04-21 19:38:04.359,-1.005047938,46.40341783,0.9986,3.454,3.930981144
2010-04-21 19:38:14.437,-1.007468255,46.39539411,0.9986,3.453,3.929415866
2010-04-21 19:38:24.500,-1.008192029,46.39611171,0.9986,3.451,3.927938781
2010-04-21 19:38:34.515,-1.005820955,46.42408819,0.9986,3.449,3.92645874
2010-04-21 19:38:44.531,-1.006869982,46.44721509,0.9986,3.448,3.924912326
2010-04-21 19:38:54.562,-1.007926905,46.45666792,0.9986,3.447,3.923349752
2010-04-21 19:39:04.546,-1.00553904,46.4565014,0.9986,3.445,3.921787915
2010-04-21 19:39:14.656,-1.006743417,46.44760434,0.9986,3.444,3.920576724
2010-04-21 19:39:24.656,-1.007884407,46.48818468,0.9986,3.442,3.918889392
2010-04-21 19:39:34.656,-1.006844558,46.4841252,0.9986,3.441,3.917279933
2010-04-21 19:39:44.765,-1.006404851,46.49756487,0.9986,3.439,3.915770256
2010-04-21 19:39:54.812,-1.006625761,46.50534904,0.9986,3.438,3.914325532
2010-04-21 19:40:04.859,-1.007641098,46.52224525,0.9986,3.437,3.912740476
2010-04-21 19:40:14.937,-1.007070996,46.53296981,0.9986,3.435,3.911241769
2010-04-21 19:40:25.000,-1.005416063,46.54376807,0.9986,3.433,3.909813342
2010-04-21 19:40:35.125,-1.009114434,46.54555735,0.9986,3.433,3.908335191
2010-04-21 19:40:45.218,-1.0079283,46.5618415,0.9986,3.431,3.906843094
2010-04-21 19:40:55.312,-1.006781604,46.56326338,0.9986,3.429,3.905143142
2010-04-21 19:41:05.359,-1.006703953,46.57613977,0.9988,3.428,3.903843764
2010-04-21 19:41:15.484,-1.00632777,46.56856037,0.9988,3.426,3.902254033
2010-04-21 19:41:25.578,-1.007777023,46.58248373,0.9986,3.425,3.900839897
2010-04-21 19:41:35.640,-1.006737073,46.60676777,0.9986,3.423,3.899248127
2010-04-21 19:41:45.687,-1.006607854,46.61932875,0.9988,3.422,3.897860447
2010-04-21 19:41:55.703,-1.00767856,46.62642805,0.9986,3.421,3.89619711
2010-04-21 19:42:05.781,-1.006588702,46.61412559,0.9986,3.419,3.894934817
2010-04-21 19:42:15.796,-1.007185871,46.60612873,0.9986,3.417,3.893427577
2010-04-21 19:42:25.921,-1.006307302,46.63513255,0.9986,3.416,3.891802281
2010-04-21 19:42:36.000,-1.009534045,46.65799829,0.9986,3.415,3.890369982
2010-04-21 19:42:45.984,-1.00656549,46.65519469,0.9986,3.413,3.888779378
2010-04-21 19:42:56.031,-1.00801413,46.65559722,0.9986,3.412,3.887549157
2010-04-21 19:43:06.093,-1.007206514,46.66056142,0.9988,3.411,3.88592603
2010-04-21 19:43:16.156,-1.006379641,46.67754308,0.9988,3.409,3.88473422
2010-04-21 19:43:26.234,-1.006879254,46.69778587,0.9988,3.408,3.88314432
2010-04-21 19:43:36.312,-1.006550931,46.69114766,0.9986,3.407,3.88178517
2010-04-21 19:43:46.390,-1.006780138,46.71494884,0.9986,3.405,3.880702266
2010-04-21 19:43:56.406,-1.00682296,46.72172672,0.9986,3.404,3.879308372
2010-04-21 19:44:06.546,-1.007287703,46.7204342,0.9986,3.403,3.87787322
2010-04-21 19:44:16.625,-1.008151945,46.74073391,0.9986,3.401,3.876917196
2010-04-21 19:44:26.750,-1.007224283,46.73644099,0.9988,3.4,3.875327698
2010-04-21 19:44:36.812,-1.00433751,46.77411861,0.9986,3.399,3.874331736
2010-04-21 19:44:46.906,-1.007593661,46.78624595,0.9986,3.398,3.872991222
2010-04-21 19:44:56.984,-1.007056557,46.8019155,0.9986,3.397,3.871835078
2010-04-21 19:45:07.031,-1.008057911,46.82317409,0.9986,3.395,3.870572456
2010-04-21 19:45:17.062,-1.007178374,46.85327394,0.9986,3.394,3.869636008
2010-04-21 19:45:27.187,-1.006751555,46.90156641,0.9986,3.393,3.868212431
2010-04-21 19:45:37.296,-1.005982244,46.91231448,0.9986,3.392,3.866993912
2010-04-21 19:45:47.328,-1.007678936,46.90695569,0.9986,3.391,3.865817492
2010-04-21 19:45:57.390,-1.007016355,46.95584418,0.9986,3.39,3.864721904
2010-04-21 19:46:07.515,-1.007737968,46.98823001,0.9986,3.389,3.863439739
2010-04-21 19:46:17.531,-1.008514203,47.00242738,0.9986,3.387,3.86241014
2010-04-21 19:46:27.593,-1.007347493,47.03520177,0.9986,3.386,3.860875682
2010-04-21 19:46:37.718,-1.006629914,47.08661663,0.9986,3.385,3.859648689
2010-04-21 19:46:47.781,-1.008335249,47.10516561,0.9986,3.383,3.858463395
2010-04-21 19:46:57.859,-1.007363434,47.1374291,0.9988,3.382,3.857321216
2010-04-21 19:47:07.906,-1.007176929,47.15399086,0.9988,3.381,3.855901683
2010-04-21 19:47:17.921,-1.005823936,47.19160579,0.9986,3.38,3.854436382
2010-04-21 19:47:27.968,-1.005466929,47.23729477,0.9986,3.378,3.853007573
2010-04-21 19:47:38.000,-1.006333239,47.27227611,0.9988,3.377,3.851312804
2010-04-21 19:47:48.078,-1.006776664,47.28534881,0.9986,3.375,3.849992884
2010-04-21 19:47:58.156,-1.004471188,47.30770256,0.9986,3.374,3.848448165
2010-04-21 19:48:08.234,-1.007357262,47.32801827,0.9988,3.373,3.846909544
2010-04-21 19:48:18.328,-1.00703792,47.35001271,0.9988,3.371,3.845466325
2010-04-21 19:48:28.359,-1.007215969,47.38197904,0.9988,3.369,3.843838907
2010-04-21 19:48:38.453,-1.006530679,47.41852299,0.9986,3.367,3.841659319
2010-04-21 19:48:48.484,-1.007496086,47.4329078,0.9986,3.366,3.840353662
2010-04-21 19:48:58.593,-1.006239368,47.42269232,0.9988,3.364,3.838260978
2010-04-21 19:49:08.687,-1.007243702,47.44086743,0.9986,3.362,3.836325916
2010-04-21 19:49:18.796,-1.005491279,47.45516238,0.9986,3.361,3.834837455
2010-04-21 19:49:28.843,-1.0074697,47.48281957,0.9988,3.359,3.832921086
2010-04-21 19:49:38.890,-1.007581151,47.48873809,0.9986,3.357,3.830913589
2010-04-21 19:49:48.984,-1.008250152,47.47637477,0.9988,3.355,3.829196259
2010-04-21 19:49:59.046,-1.006125633,47.45670391,0.9986,3.353,3.827118166
2010-04-21 19:50:09.109,-1.005451937,47.45153177,0.9986,3.351,3.824871042
2010-04-21 19:50:19.203,-1.009960769,47.46851062,0.9988,3.349,3.823177885
2010-04-21 19:50:29.375,-1.006803216,47.43825916,0.9986,3.347,3.821452315
2010-04-21 19:50:39.437,-1.00546016,47.43927914,0.9986,3.345,3.819559616
2010-04-21 19:50:49.531,-1.006342606,47.43894103,0.9988,3.343,3.817570422
2010-04-21 19:50:59.593,-1.005105738,47.42465431,0.9986,3.342,3.815754359
2010-04-21 19:51:09.734,-1.007082027,47.39459896,0.9988,3.339,3.813939069
2010-04-21 19:51:19.843,-1.007501629,47.37595351,0.9986,3.338,3.812000248
2010-04-21 19:51:29.875,-1.006436338,47.36359858,0.9986,3.337,3.810410983
2010-04-21 19:51:39.906,-1.007708132,47.32530369,0.9986,3.334,3.808823292
2010-04-21 19:51:49.968,-1.006763732,47.31112593,0.9988,3.333,3.807014315
2010-04-21 19:52:00.000,-1.003548809,47.28066326,0.9986,3.331,3.805182682
2010-04-21 19:52:10.093,-1.004500279,47.27142315,0.9986,3.33,3.80362384
2010-04-21 19:52:20.140,-1.008189348,47.25685775,0.9988,3.328,3.802366747
2010-04-21 19:52:30.171,-1.007717116,47.21956248,0.9988,3.327,3.800767832
2010-04-21 19:52:40.312,-1.006857612,47.19920054,0.9986,3.326,3.799586729
2010-04-21 19:52:50.390,-1.007936254,47.17429996,0.9986,3.324,3.797797941
2010-04-21 19:53:00.390,-1.008188054,47.14052068,0.9986,3.322,3.796778345
2010-04-21 19:53:10.484,-1.006457237,47.08963814,0.9986,3.322,3.79534506
2010-04-21 19:53:20.531,-1.006867668,47.07905085,0.9988,3.32,3.794070353
2010-04-21 19:53:30.656,-1.006292056,47.0373574,0.9988,3.319,3.792572236
2010-04-21 19:53:40.734,-1.005851552,47.01435665,0.9986,3.318,3.791455371
2010-04-21 19:53:50.828,-1.006841171,46.97377347,0.9988,3.316,3.790359163
2010-04-21 19:54:00.875,-1.006050286,46.9270588,0.9988,3.316,3.789412803
2010-04-21 19:54:10.937,-1.004555744,46.88219334,0.9988,3.314,3.787867949
2010-04-21 19:54:21.000,-1.006335124,46.85392599,0.9986,3.314,3.787112369
2010-04-21 19:54:31.062,-1.008011679,46.83477519,0.9988,3.312,3.786184428
2010-04-21 19:54:41.187,-1.008789304,46.78866976,0.9986,3.311,3.784976434
2010-04-21 19:54:51.281,-1.005263108,46.75797449,0.9986,3.31,3.783819216
2010-04-21 19:55:01.328,-1.004955119,46.71929924,0.9988,3.309,3.78261555
2010-04-21 19:55:11.359,-1.007239412,46.68895722,0.9988,3.308,3.782152772
2010-04-21 19:55:21.390,-1.007552508,46.64745157,0.9986,3.307,3.780781129
2010-04-21 19:55:31.421,-1.006407944,46.61867366,0.9986,3.306,3.779609947
2010-04-21 19:55:41.468,-1.007796002,46.56830454,0.9986,3.305,3.7786282
2010-04-21 19:55:51.546,-1.007020336,46.5739673,0.9986,3.304,3.777373295
2010-04-21 19:56:01.593,-1.00842445,46.56301799,0.9988,3.303,3.776443242
2010-04-21 19:56:11.718,-1.007477726,46.5106558,0.9986,3.302,3.775518238
2010-04-21 19:56:21.781,-1.007058974,46.4884971,0.9988,3.301,3.774434834
2010-04-21 19:56:31.859,-1.006349233,46.48808125,0.9986,3.3,3.773442742
2010-04-21 19:56:41.906,-1.007389855,46.4637841,0.9986,3.299,3.772441536
2010-04-21 19:56:51.953,-1.006095715,46.44211675,0.9986,3.298,3.771463402
2010-04-21 19:57:02.093,-1.007815567,46.42093224,0.9986,3.296,3.77046787
2010-04-21 19:57:12.140,-1.008569111,46.42487367,0.9986,3.296,3.769191039
2010-04-21 19:57:22.250,-1.006225799,46.40783983,0.9986,3.295,3.768235909
2010-04-21 19:57:32.375,-1.005726002,46.40013706,0.9988,3.294,3.767352041
2010-04-21 19:57:42.453,-1.005432647,46.39140798,0.9986,3.292,3.766188863
2010-04-21 19:57:52.578,-1.007010555,46.39328229,0.9988,3.292,3.765105854
2010-04-21 19:58:02.703,-1.006569944,46.38470457,0.9986,3.29,3.763946205
2010-04-21 19:58:12.765,-1.007560601,46.38658434,0.9986,3.289,3.762951444
2010-04-21 19:58:22.765,-1.00669445,46.36716451,0.9986,3.288,3.761814619
2010-04-21 19:58:32.859,-1.005767176,46.37081439,0.9986,3.288,3.760973774
2010-04-21 19:58:42.937,-1.007129188,46.38339979,0.9986,3.286,3.759765986
2010-04-21 19:58:52.984,-1.007678174,46.38763009,0.9986,3.285,3.758717624
2010-04-21 19:59:03.015,-1.007608105,46.37511596,0.9986,3.284,3.757555994
2010-04-21 19:59:13.046,-1.006785851,46.36527131,0.9986,3.284,3.756751057
2010-04-21 19:59:23.093,-1.006437411,46.39003155,0.9986,3.282,3.755554823
2010-04-21 19:59:33.156,-1.006859269,46.39736386,0.9986,3.281,3.754397195
2010-04-21 19:59:43.171,-1.005266974,46.40205523,0.9986,3.28,3.753258908
2010-04-21 19:59:53.281,-1.006340078,46.40883338,0.9986,3.279,3.752360629
2010-04-21 20:00:03.359,-1.00644688,46.40246275,0.9986,3.278,3.751372806
2010-04-21 20:00:13.468,-1.005950592,46.40486214,0.9988,3.277,3.75024276
2010-04-21 20:00:23.500,-1.008628603,46.41691788,0.9986,3.276,3.749029088
2010-04-21 20:00:33.500,-1.006947389,46.40611951,0.9986,3.275,3.748204348
2010-04-21 20:00:43.531,-1.006549307,46.42040624,0.9986,3.274,3.747122702
2010-04-21 20:00:53.546,-1.007246593,46.43661436,0.9986,3.273,3.746326227
2010-04-21 20:01:03.609,-1.006880345,46.44088431,0.9986,3.272,3.745048463
2010-04-21 20:01:13.671,-1.007924572,46.43373058,0.9986,3.271,3.744065915
2010-04-21 20:01:23.703,-1.008757865,46.4500805,0.9986,3.27,3.74319165
2010-04-21 20:01:33.734,-1.006963958,46.44981675,0.9988,3.268,3.742083761
2010-04-21 20:01:43.859,-1.006706284,46.45545615,0.9986,3.268,3.741015836
2010-04-21 20:01:53.906,-1.005956628,46.46631013,0.9986,3.266,3.740020507
2010-04-21 20:02:03.921,-1.006400522,46.48214519,0.9986,3.265,3.738871835
2010-04-21 20:02:13.968,-1.008395295,46.47188681,0.9986,3.264,3.737784247
2010-04-21 20:02:24.078,-1.007246736,46.49171446,0.9986,3.264,3.736806619
2010-04-21 20:02:34.125,-1.005620446,46.5087153,0.9986,3.262,3.73578536
2010-04-21 20:02:44.171,-1.00735444,46.5049635,0.9986,3.261,3.735096079
2010-04-21 20:02:54.218,-1.007187971,46.50898067,0.9988,3.26,3.733938911
2010-04-21 20:03:04.250,-1.006625029,46.48742336,0.9986,3.26,3.732720536
2010-04-21 20:03:14.328,-1.007567832,46.51172121,0.9986,3.258,3.731725163
2010-04-21 20:03:24.406,-1.007754538,46.51990743,0.9986,3.257,3.730657671
2010-04-21 20:03:34.453,-1.003171079,46.52416549,0.9988,3.256,3.729895511
2010-04-21 20:03:44.453,-1.008424225,46.5053231,0.9988,3.256,3.728625959
2010-04-21 20:03:54.468,-1.005783098,46.52031308,0.9986,3.254,3.727803983
2010-04-21 20:04:04.515,-1.004801928,46.54584805,0.9986,3.253,3.726952633
2010-04-21 20:04:14.640,-1.004454943,46.54713958,0.9986,3.252,3.725978904
2010-04-21 20:04:24.734,-1.011447247,46.53923615,0.9988,3.252,3.724403115
2010-04-21 20:04:34.781,-1.00684847,46.54164492,0.9986,3.25,3.723679406
2010-04-21 20:04:44.859,-1.00595345,46.55436369,0.9986,3.249,3.722808287
2010-04-21 20:04:54.906,-1.007455006,46.56465646,0.9988,3.248,3.72165066
2010-04-21 20:05:05.015,-1.006625541,46.56520642,0.9986,3.248,3.720682587
2010-04-21 20:05:15.093,-1.007924779,46.57130952,0.9986,3.246,3.719761195
2010-04-21 20:05:25.187,-1.008410714,46.5733824,0.9988,3.246,3.718626972
2010-04-21 20:05:35.203,-1.009238072,46.5684286,0.9986,3.244,3.717838939
2010-04-21 20:05:45.265,-1.006311306,46.57018481,0.9986,3.243,3.716732434
2010-04-21 20:05:55.312,-1.006944113,46.58582168,0.9986,3.242,3.715728825
2010-04-21 20:06:05.437,-1.005510545,46.58578558,0.9986,3.242,3.714763679
2010-04-21 20:06:15.515,-1.006344444,46.60560945,0.9988,3.24,3.713905545
2010-04-21 20:06:25.609,-1.007465758,46.5996318,0.9986,3.24,3.712966023
2010-04-21 20:06:35.671,-1.00801234,46.59610253,0.9988,3.238,3.711732743
2010-04-21 20:06:45.734,-1.006798585,46.59890173,0.9986,3.238,3.710967437
2010-04-21 20:06:55.765,-1.00891425,46.61356307,0.9986,3.237,3.709712923
2010-04-21 20:07:05.859,-1.006441013,46.6062941,0.9986,3.236,3.708994711
2010-04-21 20:07:15.953,-1.007438314,46.62599397,0.9988,3.234,3.707934874
2010-04-21 20:07:26.031,-1.006465207,46.63230508,0.9986,3.234,3.706887227
2010-04-21 20:07:36.109,-1.006964346,46.623049,0.9986,3.232,3.705918166
2010-04-21 20:07:46.203,-1.007323361,46.65270395,0.9988,3.232,3.704965275
2010-04-21 20:07:56.234,-1.00693644,46.6440228,0.9988,3.231,3.704079604
2010-04-21 20:08:06.265,-1.008199123,46.63757704,0.9986,3.23,3.703042514
2010-04-21 20:08:16.375,-1.006686045,46.64283949,0.9988,3.229,3.702121799
2010-04-21 20:08:26.484,-1.006632762,46.65571733,0.9988,3.228,3.701064887
2010-04-21 20:08:36.625,-1.005528033,46.66209652,0.9986,3.227,3.700285238
2010-04-21 20:08:46.671,-1.006156108,46.66111234,0.9988,3.226,3.699117631
2010-04-21 20:08:56.750,-1.006374536,46.63793397,0.9988,3.225,3.698093436
2010-04-21 20:09:06.875,-1.007817272,46.67534007,0.9986,3.224,3.69713052
2010-04-21 20:09:16.937,-1.006785112,46.67205775,0.9986,3.223,3.696256597
2010-04-21 20:09:27.000,-1.008250586,46.66605439,0.9988,3.222,3.695164861
2010-04-21 20:09:37.093,-1.006989803,46.66708038,0.9986,3.221,3.694242975
2010-04-21 20:09:47.125,-1.006369965,46.66184303,0.9986,3.22,3.693357207
2010-04-21 20:09:57.234,-1.006961881,46.68608808,0.9986,3.22,3.692492344
2010-04-21 20:10:07.250,-1.005737972,46.66315909,0.9986,3.218,3.691575624
2010-04-21 20:10:17.281,-1.008418888,46.68436273,0.9986,3.218,3.690362545
2010-04-21 20:10:27.296,-1.007027496,46.69878315,0.9986,3.216,3.68959943
2010-04-21 20:10:37.328,-1.007398759,46.6849697,0.9988,3.216,3.688607335
2010-04-21 20:10:47.390,-1.006612862,46.66051989,0.9986,3.214,3.687758733
2010-04-21 20:10:57.406,-1.006934392,46.68041894,0.9986,3.214,3.686760826
2010-04-21 20:11:07.468,-1.00604878,46.68618918,0.9986,3.213,3.685958996
2010-04-21 20:11:17.500,-1.007104961,46.69391432,0.9986,3.212,3.685090511
2010-04-21 20:11:27.562,-1.006914867,46.69205053,0.9986,3.21,3.683908689
2010-04-21 20:11:37.640,-1.006396524,46.70073113,0.9988,3.21,3.682868764
2010-04-21 20:11:47.687,-1.006792492,46.6949252,0.9986,3.209,3.682179637
2010-04-21 20:11:57.734,-1.006336438,46.68589576,0.9986,3.208,3.681222241
2010-04-21 20:12:07.843,-1.007520696,46.69909127,0.9986,3.207,3.680132263
2010-04-21 20:12:17.937,-1.007881303,46.68628277,0.9988,3.206,3.679437435
2010-04-21 20:12:28.078,-1.006808087,46.69265602,0.9988,3.205,3.678567273
2010-04-21 20:12:38.125,-1.005029229,46.71112814,0.9988,3.204,3.677398406
2010-04-21 20:12:48.140,-1.006924038,46.6904185,0.9986,3.204,3.676650315
2010-04-21 20:12:58.218,-1.007562096,46.68451222,0.9988,3.202,3.675587774
2010-04-21 20:13:08.250,-1.007410388,46.71208585,0.9986,3.202,3.674763917
2010-04-21 20:13:18.359,-1.00521908,46.70840377,0.9986,3.2,3.673877167
2010-04-21 20:13:28.500,-1.006371876,46.70766647,0.9986,3.2,3.672949225
2010-04-21 20:13:38.593,-1.006948731,46.71177347,0.9986,3.199,3.671920721
2010-04-21 20:13:48.656,-1.007139882,46.71140965,0.9986,3.198,3.670920764
2010-04-21 20:13:58.750,-1.00655417,46.72184574,0.9986,3.197,3.670186628
2010-04-21 20:14:08.796,-1.007163329,46.72733878,0.9986,3.196,3.669324322
2010-04-21 20:14:19.000,-1.005198229,46.72147445,0.9986,3.196,3.668479176
2010-04-21 20:14:29.046,-1.006437025,46.72698466,0.9988,3.194,3.667649319
2010-04-21 20:14:39.109,-1.006903504,46.71244952,0.9986,3.194,3.66647509
2010-04-21 20:14:49.140,-1.006507003,46.72680523,0.9986,3.192,3.66584259
2010-04-21 20:14:59.187,-1.006133368,46.72860659,0.9986,3.192,3.664975869
2010-04-21 20:15:09.296,-1.007189197,46.72530385,0.9988,3.191,3.663981813
2010-04-21 20:15:19.421,-1.007403384,46.72191563,0.9988,3.19,3.663138014
2010-04-21 20:15:29.500,-1.00688734,46.73890619,0.9988,3.189,3.662312237
2010-04-21 20:15:39.500,-1.007836259,46.7385633,0.9986,3.188,3.661380044
2010-04-21 20:15:49.609,-1.008601989,46.75151283,0.9988,3.188,3.660545754
2010-04-21 20:15:59.640,-1.007030245,46.72386174,0.9986,3.186,3.659710083
2010-04-21 20:16:09.750,-1.002914816,46.75073229,0.9988,3.186,3.658763945
2010-04-21 20:16:19.875,-1.006380368,46.73816965,0.9986,3.185,3.658024664
2010-04-21 20:16:29.906,-1.006661068,46.73663804,0.9988,3.184,3.657091994
2010-04-21 20:16:39.937,-1.00824411,46.75334369,0.9988,3.183,3.65612151
2010-04-21 20:16:50.046,-1.006415769,46.75261013,0.9988,3.182,3.655395402
2010-04-21 20:17:00.156,-1.007975097,46.75989662,0.9988,3.182,3.654520053
2010-04-21 20:17:10.187,-1.006925884,46.76098689,0.9988,3.18,3.653721128
2010-04-21 20:17:20.265,-1.006565024,46.75361371,0.9988,3.18,3.652773815
2010-04-21 20:17:30.375,-1.005744878,46.75589104,0.9988,3.179,3.652009363
2010-04-21 20:17:40.515,-1.008022583,46.76455974,0.9986,3.178,3.65116327
2010-04-21 20:17:50.531,-1.006706839,46.7479834,0.9988,3.177,3.650307991
2010-04-21 20:18:00.593,-1.006788618,46.76398191,0.9988,3.176,3.649423243
2010-04-21 20:18:10.703,-1.006624179,46.76164641,0.9988,3.176,3.648521231
2010-04-21 20:18:20.765,-1.007343711,46.77720828,0.9986,3.175,3.647658412
2010-04-21 20:18:30.796,-1.007156003,46.77761416,0.9988,3.174,3.646920421
2010-04-21 20:18:40.843,-1.006975488,46.76456719,0.9986,3.173,3.646054646
2010-04-21 20:18:50.890,-1.007114137,46.76941538,0.9988,3.172,3.645277904
2010-04-21 20:19:00.953,-1.007195919,46.76002704,0.9988,3.172,3.644507964
2010-04-21 20:19:11.078,-1.00746615,46.76573779,0.9988,3.17,3.643638204
2010-04-21 20:19:21.156,-1.006600638,46.780003,0.9988,3.17,3.64262412
2010-04-21 20:19:31.250,-1.006021202,46.77195523,0.9988,3.168,3.641979617
2010-04-21 20:19:41.312,-1.008209969,46.79036082,0.9988,3.168,3.641122279
2010-04-21 20:19:51.375,-1.006864332,46.79460969,0.9988,3.168,3.640456528
2010-04-21 20:20:01.453,-1.007835222,46.78809434,0.9988,3.166,3.639515098
2010-04-21 20:20:11.484,-1.007010112,46.77445977,0.9986,3.165,3.638611423
2010-04-21 20:20:21.609,-1.005856327,46.775112,0.9988,3.165,3.63785507
2010-04-21 20:20:31.656,-1.006726323,46.78032967,0.9988,3.164,3.637174931
2010-04-21 20:20:41.703,-1.005777264,46.7952845,0.9988,3.164,3.636424458
2010-04-21 20:20:51.734,-1.008957714,46.80397312,0.9988,3.162,3.635514464
2010-04-21 20:21:01.796,-1.008068187,46.7921079,0.9986,3.162,3.63480843
2010-04-21 20:21:11.937,-1.006440945,46.79943723,0.9988,3.161,3.633819024
2010-04-21 20:21:22.031,-1.008546937,46.80137534,0.9988,3.16,3.633193906
2010-04-21 20:21:32.109,-1.007588655,46.80813043,0.9988,3.159,3.632512432
2010-04-21 20:21:42.203,-1.006923096,46.78725196,0.9988,3.158,3.631622738
2010-04-21 20:21:52.218,-1.007668167,46.78850145,0.9986,3.158,3.630718569
2010-04-21 20:22:02.250,-1.005624576,46.81108696,0.9988,3.157,3.630029059
2010-04-21 20:22:12.390,-1.007185772,46.8118414,0.9988,3.156,3.629314681
2010-04-21 20:22:22.468,-1.007221314,46.80484988,0.9988,3.156,3.628561648
2010-04-21 20:22:32.546,-1.006156362,46.79045398,0.9988,3.155,3.627763282
2010-04-21 20:22:42.609,-1.007155648,46.80240177,0.9988,3.154,3.627020941
2010-04-21 20:22:52.625,-1.00634474,46.81605936,0.9986,3.153,3.626194703
2010-04-21 20:23:02.687,-1.008197518,46.82471798,0.9988,3.152,3.625426012
2010-04-21 20:23:12.812,-1.00561892,46.81376087,0.9988,3.152,3.624815813
2010-04-21 20:23:22.890,-1.007495761,46.82482673,0.9988,3.151,3.623770002
2010-04-21 20:23:32.921,-1.005236685,46.82986984,0.9988,3.15,3.623247221
2010-04-21 20:23:42.984,-1.008379767,46.83440472,0.9988,3.149,3.622350496
2010-04-21 20:23:53.078,-1.005935629,46.84363497,0.9988,3.148,3.621667965
2010-04-21 20:24:03.140,-1.007804316,46.83293031,0.9988,3.148,3.62108749
2010-04-21 20:24:13.234,-1.006850225,46.82386363,0.9988,3.147,3.620420125
2010-04-21 20:24:23.343,-1.006688371,46.83134066,0.9988,3.146,3.619292704
2010-04-21 20:24:33.421,-1.006647593,46.8500895,0.9986,3.146,3.618720181
2010-04-21 20:24:43.468,-1.006797974,46.8404504,0.9986,3.145,3.618051971
2010-04-21 20:24:53.578,-1.007192116,46.83995784,0.9988,3.144,3.617121238
2010-04-21 20:25:03.625,-1.00650668,46.85811839,0.9988,3.144,3.61637174
2010-04-21 20:25:13.671,-1.006951903,46.85624611,0.9988,3.142,3.615768494
2010-04-21 20:25:23.765,-1.007532053,46.83459651,0.9986,3.142,3.615399583
2010-04-21 20:25:33.796,-1.007520681,46.87137266,0.9988,3.141,3.614336424
2010-04-21 20:25:43.875,-1.00683752,46.85427103,0.9986,3.14,3.61377706
2010-04-21 20:25:53.953,-1.005801787,46.85375922,0.9986,3.14,3.612958411
2010-04-21 20:26:04.000,-1.008019551,46.86151107,0.9988,3.139,3.612101738
2010-04-21 20:26:14.062,-1.007633883,46.85267039,0.9988,3.138,3.611207899
2010-04-21 20:26:24.187,-1.007824268,46.86151047,0.9988,3.138,3.610693464
2010-04-21 20:26:34.296,-1.00831944,46.86002648,0.9988,3.137,3.610171037
2010-04-21 20:26:44.421,-1.006918753,46.87816366,0.9988,3.136,3.609267639
2010-04-21 20:26:54.484,-1.008639788,46.85803742,0.9988,3.136,3.608696192
2010-04-21 20:27:04.609,-1.006569591,46.84870422,0.9986,3.135,3.607897673
2010-04-21 20:27:14.656,-1.007036683,46.88169367,0.9986,3.134,3.607137032
2010-04-21 20:27:24.687,-1.007431613,46.88431151,0.9988,3.134,3.606577524
2010-04-21 20:27:34.765,-1.007165585,46.90070598,0.9988,3.133,3.605934828
2010-04-21 20:27:44.843,-1.006615273,46.88340625,0.9988,3.132,3.605097519
2010-04-21 20:27:54.890,-1.006567182,46.89987785,0.9988,3.131,3.60425221
2010-04-21 20:28:05.046,-1.009320452,46.89580506,0.9988,3.13,3.603578896
2010-04-21 20:28:15.109,-1.007779468,46.90779275,0.9988,3.13,3.602760611
2010-04-21 20:28:25.109,-1.007610268,46.90598316,0.9988,3.13,3.602194953
2010-04-21 20:28:35.171,-1.006949064,46.8822443,0.9988,3.128,3.601794986
2010-04-21 20:28:45.296,-1.006762991,46.90914034,0.9988,3.128,3.601003237
2010-04-21 20:28:55.406,-1.006601782,46.90998835,0.9988,3.127,3.600433872
2010-04-21 20:29:05.453,-1.009075163,46.90174922,0.9988,3.126,3.599788666
2010-04-21 20:29:15.546,-1.007063923,46.90601957,0.9986,3.126,3.598927993
2010-04-21 20:29:25.609,-1.005752652,46.90667565,0.9988,3.125,3.598570814
2010-04-21 20:29:35.718,-1.005688109,46.90935791,0.9986,3.124,3.597524317
2010-04-21 20:29:45.718,-1.007613883,46.93127175,0.9988,3.124,3.597178558
2010-04-21 20:29:55.796,-1.006047106,46.92559178,0.9986,3.123,3.596428053
2010-04-21 20:30:05.890,-1.004351787,46.92399768,0.9986,3.122,3.595498946
2010-04-21 20:30:15.968,-1.00804954,46.93753318,0.9988,3.122,3.595042315
2010-04-21 20:30:26.000,-1.007476358,46.91564213,0.9988,3.121,3.594220915
2010-04-21 20:30:36.062,-1.007415069,46.90738531,0.9988,3.121,3.593542631
2010-04-21 20:30:46.156,-1.008281095,46.9210933,0.9986,3.12,3.593202466
2010-04-21 20:30:56.250,-1.008857771,46.9276652,0.9988,3.119,3.592551423
2010-04-21 20:31:06.296,-1.009463182,46.94460251,0.9986,3.119,3.591753406
2010-04-21 20:31:16.437,-1.007080691,46.96416847,0.9986,3.118,3.591137613
2010-04-21 20:31:26.562,-1.008023855,46.96524944,0.9988,3.118,3.590500869
2010-04-21 20:31:36.656,-1.007261842,46.94596863,0.9986,3.117,3.589872333
2010-04-21 20:31:46.718,-1.008009265,46.95914672,0.9986,3.116,3.58920179
2010-04-21 20:31:56.734,-1.0088179,46.97028622,0.9988,3.116,3.588710083
2010-04-21 20:32:06.734,-1.006423966,46.96723156,0.9988,3.115,3.587968527
2010-04-21 20:32:16.828,-1.00741616,46.9637208,0.9986,3.114,3.587231838
2010-04-21 20:32:26.890,-1.005465242,46.98147192,0.9986,3.114,3.586828599
2010-04-21 20:32:36.968,-1.007186616,46.98416678,0.9988,3.113,3.586062089
2010-04-21 20:32:46.968,-1.004582116,46.97059996,0.9988,3.112,3.585477953
2010-04-21 20:32:57.078,-1.007836273,46.99345859,0.9988,3.112,3.584760891
2010-04-21 20:33:07.218,-1.006982104,47.00261775,0.9988,3.111,3.584332409
2010-04-21 20:33:17.312,-1.007720325,47.00920213,0.9988,3.11,3.583439259
2010-04-21 20:33:27.421,-1.006303557,47.01205716,0.9988,3.11,3.583143511
2010-04-21 20:33:37.500,-1.00770539,47.00820231,0.9988,3.109,3.582360084
2010-04-21 20:33:47.609,-1.006989121,47.04005635,0.9988,3.108,3.581710281
2010-04-21 20:33:57.734,-1.007983218,47.0379963,0.9986,3.108,3.581179895
2010-04-21 20:34:07.781,-1.005133115,47.01088079,0.9986,3.108,3.580689715
2010-04-21 20:34:17.828,-1.008134718,47.01257759,0.9988,3.107,3.580061677
2010-04-21 20:34:27.843,-1.00642941,47.03870016,0.9988,3.106,3.579259116
2010-04-21 20:34:37.984,-1.007081245,47.0390679,0.9986,3.106,3.578614994
2010-04-21 20:34:48.046,-1.006981031,47.03171765,0.9986,3.105,3.578168399
2010-04-21 20:34:58.171,-1.005457684,47.04003359,0.9988,3.104,3.577497298
2010-04-21 20:35:08.250,-1.006149732,47.05873436,0.9986,3.104,3.576946955
2010-04-21 20:35:18.359,-1.005965968,47.03948912,0.9986,3.103,3.576501188
2010-04-21 20:35:28.406,-1.007643344,47.01941409,0.9988,3.103,3.575810415
2010-04-21 20:35:38.484,-1.005637888,47.0781314,0.9986,3.102,3.575302553
2010-04-21 20:35:48.531,-1.005949902,47.07733023,0.9988,3.102,3.574751664
2010-04-21 20:35:58.578,-1.008625916,47.05553521,0.9988,3.101,3.574326623
2010-04-21 20:36:08.703,-1.007858919,47.08213661,0.9988,3.1,3.573544481
2010-04-21 20:36:18.796,-1.006303301,47.09181334,0.9986,3.1,3.572861588
2010-04-21 20:36:28.875,-1.007221099,47.09840685,0.9986,3.099,3.572568303
2010-04-21 20:36:39.015,-1.007942288,47.08193828,0.9988,3.098,3.5717804
2010-04-21 20:36:49.109,-1.006246436,47.08214526,0.9988,3.098,3.571189331
2010-04-21 20:36:59.187,-1.007904543,47.09959453,0.9986,3.098,3.570895046
2010-04-21 20:37:09.328,-1.007084203,47.10584903,0.9986,3.097,3.570210883
2010-04-21 20:37:19.390,-1.007261317,47.10177399,0.9988,3.096,3.56971205
2010-04-21 20:37:29.515,-1.009553384,47.11594837,0.9986,3.096,3.568736601
2010-04-21 20:37:39.593,-1.006073109,47.11781975,0.9986,3.095,3.568412325
2010-04-21 20:37:49.640,-1.00724182,47.14029132,0.9986,3.095,3.567898273
2010-04-21 20:37:59.703,-1.005685361,47.13697946,0.9986,3.094,3.567201966
2010-04-21 20:38:09.796,-1.006947711,47.13410831,0.9988,3.094,3.566586203
2010-04-21 20:38:19.890,-1.007862882,47.13476207,0.9988,3.093,3.566042964
2010-04-21 20:38:29.937,-1.00806795,47.15873592,0.9986,3.092,3.565702267
2010-04-21 20:38:39.968,-1.007489121,47.14014403,0.9986,3.092,3.565004734
2010-04-21 20:38:50.000,-1.007584479,47.16837149,0.9988,3.091,3.564366318
2010-04-21 20:39:00.031,-1.005132302,47.16756201,0.9986,3.09,3.563800794
2010-04-21 20:39:10.140,-1.00728526,47.18110163,0.9988,3.09,3.563253692
2010-04-21 20:39:20.281,-1.006202496,47.16197835,0.9988,3.09,3.562909925
2010-04-21 20:39:30.328,-1.007014708,47.18170392,0.9988,3.089,3.562015283
2010-04-21 20:39:40.390,-1.004969185,47.18334408,0.9986,3.088,3.561650856
2010-04-21 20:39:50.468,-1.006889677,47.19060794,0.9986,3.088,3.561179235
2010-04-21 20:40:00.531,-1.007130583,47.19779626,0.9988,3.088,3.560573091
2010-04-21 20:40:10.609,-1.006998896,47.18533335,0.9986,3.087,3.560073816
2010-04-21 20:40:20.718,-1.007201455,47.19272016,0.9988,3.086,3.559414972
2010-04-21 20:40:30.796,-1.007542165,47.21416472,0.9986,3.086,3.5590736
2010-04-21 20:40:40.875,-1.005587319,47.22390843,0.9986,3.086,3.558353456
2010-04-21 20:40:50.921,-1.006958752,47.22135067,0.9986,3.084,3.557969531
2010-04-21 20:41:00.968,-1.006105472,47.21958986,0.9986,3.084,3.557296032
2010-04-21 20:41:11.062,-1.007173107,47.2373212,0.9986,3.084,3.556754269
2010-04-21 20:41:21.125,-1.00606611,47.24545968,0.9986,3.083,3.556312683
2010-04-21 20:41:31.234,-1.00871474,47.26050164,0.9988,3.083,3.555843041
2010-04-21 20:41:41.281,-1.00662305,47.26489875,0.9986,3.082,3.55517483
2010-04-21 20:41:51.375,-1.007448815,47.26553213,0.9988,3.082,3.554702065
2010-04-21 20:42:01.437,-1.007213495,47.25814492,0.9986,3.081,3.55424154
2010-04-21 20:42:11.484,-1.005860076,47.28239191,0.9986,3.08,3.554045616
2010-04-21 20:42:21.593,-1.00863082,47.29139175,0.9988,3.08,3.553255295
2010-04-21 20:42:31.703,-1.005901742,47.295917,0.9988,3.08,3.552404563
2010-04-21 20:42:41.765,-1.008109524,47.31029035,0.9988,3.079,3.551892208
2010-04-21 20:42:51.828,-1.007522233,47.31264332,0.9986,3.078,3.551746248
2010-04-21 20:43:01.875,-1.008825721,47.32787609,0.9988,3.078,3.551185881
2010-04-21 20:43:11.937,-1.007038579,47.34089355,0.9986,3.077,3.550482633
2010-04-21 20:43:21.953,-1.006034104,47.34608997,0.9986,3.077,3.549799388
2010-04-21 20:43:32.046,-1.006554293,47.33329607,0.9988,3.076,3.549349391
2010-04-21 20:43:42.140,-1.005654951,47.33946166,0.9986,3.076,3.548721891
2010-04-21 20:43:52.203,-1.007320913,47.38945076,0.9986,3.075,3.548410886
2010-04-21 20:44:02.312,-1.006647368,47.39163076,0.9986,3.075,3.547681466
2010-04-21 20:44:12.406,-1.00803046,47.38900985,0.9986,3.074,3.547166119
2010-04-21 20:44:22.515,-1.007634205,47.39413686,0.9986,3.074,3.546653174
2010-04-21 20:44:32.593,-1.006386496,47.41341335,0.9986,3.073,3.546182273
2010-04-21 20:44:42.546,-1.005994043,47.40556722,0.9986,3.072,3.545534055
2010-04-21 20:44:52.593,-1.006076348,47.42299417,0.9988,3.072,3.545075153
2010-04-21 20:45:02.734,-1.006483647,47.43857474,0.9986,3.072,3.544404974
2010-04-21 20:45:12.796,-1.008545547,47.43964519,0.9988,3.071,3.5438696
2010-04-21 20:45:22.890,-1.006375887,47.44905079,0.9988,3.07,3.543357022
2010-04-21 20:45:32.968,-1.00664387,47.45817138,0.9986,3.07,3.542818237
2010-04-21 20:45:43.031,-1.006982729,47.45525492,0.9988,3.069,3.542183552
2010-04-21 20:45:53.125,-1.007323516,47.47409423,0.9986,3.068,3.541604444
2010-04-21 20:46:03.203,-1.007500799,47.49023021,0.9988,3.068,3.540907886
2010-04-21 20:46:13.250,-1.006757687,47.49282709,0.9988,3.067,3.540479054
2010-04-21 20:46:23.312,-1.007462455,47.51963045,0.9986,3.067,3.539983729
2010-04-21 20:46:33.406,-1.008350664,47.52404023,0.9988,3.066,3.539455385
2010-04-21 20:46:43.468,-1.005495419,47.54207024,0.9988,3.066,3.538637154
2010-04-21 20:46:53.500,-1.006524724,47.52595019,0.9986,3.065,3.53812809
2010-04-21 20:47:03.515,-1.006711165,47.54902668,0.9988,3.064,3.537586312
2010-04-21 20:47:13.578,-1.007617208,47.56239207,0.9988,3.064,3.536964866
2010-04-21 20:47:23.625,-1.008945717,47.57764914,0.9988,3.063,3.536157736
2010-04-21 20:47:33.734,-1.007075337,47.56917947,0.9988,3.063,3.535699786
2010-04-21 20:47:43.781,-1.006191439,47.59633431,0.9986,3.062,3.535164683
2010-04-21 20:47:53.859,-1.006931782,47.6049392,0.9986,3.061,3.534568342
2010-04-21 20:48:03.921,-1.007967845,47.59957692,0.9988,3.061,3.533791476
2010-04-21 20:48:13.968,-1.007570096,47.63883232,0.9986,3.06,3.533187101
2010-04-21 20:48:24.046,-1.008331995,47.64522555,0.9988,3.06,3.532604874
2010-04-21 20:48:34.140,-1.008324803,47.63402798,0.9986,3.059,3.531924782
2010-04-21 20:48:44.218,-1.006770854,47.65235851,0.9988,3.058,3.531265108
2010-04-21 20:48:54.281,-1.006812571,47.69016648,0.9988,3.058,3.530626997
2010-04-21 20:49:04.390,-1.006468325,47.67161666,0.9988,3.057,3.529901101
2010-04-21 20:49:14.453,-1.008084153,47.68918545,0.9988,3.056,3.529550633
2010-04-21 20:49:24.531,-1.007058003,47.70611636,0.9988,3.056,3.528632038
2010-04-21 20:49:34.593,-1.005910123,47.71877122,0.9986,3.055,3.528135545
2010-04-21 20:49:44.640,-1.008331832,47.72303669,0.9986,3.054,3.527347808
2010-04-21 20:49:54.703,-1.008828171,47.73543919,0.9988,3.054,3.52638558
2010-04-21 20:50:04.843,-1.011909391,47.74530211,0.9988,3.053,3.525492958
2010-04-21 20:50:14.968,-1.013910723,47.75752003,0.9988,3.052,3.524802647
2010-04-21 20:50:25.031,-1.004836682,47.79534436,0.9988,3.052,3.52475538
2010-04-21 20:50:35.140,-1.006550834,47.78215771,0.9986,3.051,3.524095631
2010-04-21 20:50:45.203,-1.007069848,47.77320056,0.9988,3.05,3.523371698
2010-04-21 20:50:55.296,-1.005498821,47.79673375,0.9986,3.05,3.522433919
2010-04-21 20:51:05.359,-1.008411236,47.81264434,0.9988,3.048,3.521896174
2010-04-21 20:51:15.453,-1.005789807,47.7971298,0.9986,3.048,3.521139409
2010-04-21 20:51:25.484,-1.008551594,47.82853879,0.9988,3.047,3.52042885
2010-04-21 20:51:35.578,-1.007368186,47.84391969,0.9986,3.046,3.519490013
2010-04-21 20:51:45.625,-1.007983871,47.8600285,0.9986,3.046,3.518858416
2010-04-21 20:51:55.687,-1.007359891,47.87559758,0.9988,3.045,3.518259022
2010-04-21 20:52:05.718,-1.007257707,47.87590849,0.9988,3.045,3.517434081
2010-04-21 20:52:15.828,-1.00694442,47.86426638,0.9988,3.044,3.516978316
2010-04-21 20:52:25.890,-1.005780644,47.88848291,0.9988,3.043,3.516112903
2010-04-21 20:52:36.031,-1.006265777,47.90511071,0.9988,3.042,3.515601318
2010-04-21 20:52:46.078,-1.007709614,47.9205532,0.9988,3.042,3.5148705
2010-04-21 20:52:56.140,-1.006693981,47.91965704,0.9986,3.041,3.514105775
2010-04-21 20:53:06.234,-1.006894355,47.935518,0.9988,3.04,3.513448072
2010-04-21 20:53:16.328,-1.008158832,47.94112047,0.9988,3.04,3.512604102
2010-04-21 20:53:26.406,-1.006325928,47.93751041,0.9986,3.039,3.512394625
2010-04-21 20:53:36.531,-1.005550579,47.93807794,0.9988,3.038,3.511362994
2010-04-21 20:53:46.640,-1.0075213,47.96577586,0.9986,3.038,3.511086318
2010-04-21 20:53:56.734,-1.007349211,47.96594936,0.9988,3.037,3.510291246
2010-04-21 20:54:06.750,-1.006520428,47.95953338,0.9986,3.036,3.509442255
2010-04-21 20:54:16.843,-1.005687905,47.96181973,0.9986,3.036,3.50876855
2010-04-21 20:54:26.953,-1.005815316,47.96735045,0.9988,3.035,3.508222262
2010-04-21 20:54:37.109,-1.006105725,47.9798937,0.9986,3.035,3.507494858
2010-04-21 20:54:47.109,-1.006899126,47.98762582,0.9986,3.034,3.50692349
2010-04-21 20:54:57.296,-1.008777003,48.00065976,0.9986,3.033,3.506242389
2010-04-21 20:55:07.375,-1.008545808,47.99319507,0.9988,3.032,3.505925556
2010-04-21 20:55:17.484,-1.006756393,47.99108683,0.9986,3.032,3.505154323
2010-04-21 20:55:27.546,-1.005610953,48.02457327,0.9988,3.031,3.504427151
2010-04-21 20:55:37.578,-1.007839621,47.99049977,0.9988,3.031,3.503895046
2010-04-21 20:55:47.640,-1.007371195,48.03624504,0.9986,3.03,3.503430869
2010-04-21 20:55:57.718,-1.007400024,48.05872609,0.9986,3.03,3.502718047
2010-04-21 20:56:07.859,-1.006196657,48.02578135,0.9988,3.029,3.502007806
2010-04-21 20:56:17.906,-1.00842132,48.02267095,0.9988,3.028,3.501393165
2010-04-21 20:56:28.015,-1.007531999,48.04370964,0.9988,3.028,3.500893699
2010-04-21 20:56:38.156,-1.00642392,48.05390768,0.9988,3.027,3.500396288
2010-04-21 20:56:48.187,-1.007254759,48.0874958,0.9986,3.026,3.499614818
2010-04-21 20:56:58.265,-1.005216876,48.05275525,0.9986,3.026,3.499070112
2010-04-21 20:57:08.390,-1.007172182,48.04581197,0.9986,3.026,3.49854388
2010-04-21 20:57:18.468,-1.006689387,48.05908481,0.9988,3.025,3.497896559
2010-04-21 20:57:28.531,-1.007730163,48.07313147,0.9986,3.024,3.497155628
2010-04-21 20:57:38.640,-1.006709515,48.04500898,0.9988,3.024,3.496552097
2010-04-21 20:57:48.687,-1.008075321,48.05942615,0.9986,3.023,3.496182673
2010-04-21 20:57:58.750,-1.00728473,48.08949895,0.9986,3.022,3.495302649
2010-04-21 20:58:08.843,-1.006078233,48.07085097,0.9986,3.022,3.494675904
2010-04-21 20:58:18.906,-1.007297042,48.07722417,0.9986,3.021,3.494182931
2010-04-21 20:58:28.937,-1.006245938,48.06922227,0.9988,3.02,3.493371933
2010-04-21 20:58:39.000,-1.006942872,48.07989842,0.9986,3.02,3.492788188
2010-04-21 20:58:49.078,-1.006740459,48.08372487,0.9988,3.019,3.492119053
2010-04-21 20:58:59.187,-1.006756908,48.08881901,0.9988,3.018,3.491297442
2010-04-21 20:59:09.250,-1.007916544,48.08028904,0.9988,3.018,3.490533317
2010-04-21 20:59:19.375,-1.005009029,48.09392318,0.9986,3.017,3.489967405
2010-04-21 20:59:29.500,-1.007685899,48.1025105,0.9988,3.016,3.489156962
2010-04-21 20:59:39.546,-1.00611002,48.11741737,0.9986,3.015,3.488329472
2010-04-21 20:59:49.687,-1.007792476,48.11800303,0.9986,3.015,3.487666796
2010-04-21 20:59:59.812,-1.006995626,48.11080916,0.9986,3.014,3.486952069
2010-04-21 21:00:09.890,-1.00744092,48.11169831,0.9986,3.013,3.486101524
2010-04-21 21:00:19.968,-1.0091949,48.09267976,0.9988,3.012,3.485353876
2010-04-21 21:00:30.046,-1.006133324,48.10527227,0.9986,3.012,3.484404361
2010-04-21 21:00:40.140,-1.006530046,48.12433022,0.9986,3.01,3.483632859
2010-04-21 21:00:50.234,-1.007365952,48.12138896,0.9988,3.01,3.482805674
2010-04-21 21:01:00.281,-1.005264231,48.1352858,0.9986,3.009,3.481867987
2010-04-21 21:01:10.359,-1.005996496,48.12640268,0.9986,3.008,3.480884097
2010-04-21 21:01:20.406,-1.007136523,48.13121664,0.9988,3.007,3.479905222
2010-04-21 21:01:30.468,-1.007168701,48.13580309,0.9988,3.006,3.479043649
2010-04-21 21:01:40.515,-1.006777727,48.14153196,0.9988,3.005,3.477888121
2010-04-21 21:01:50.593,-1.007235852,48.16433238,0.9988,3.004,3.47715611
2010-04-21 21:02:00.656,-1.007537712,48.15955767,0.9986,3.003,3.476046712
2010-04-21 21:02:10.671,-1.006756165,48.15539936,0.9988,3.002,3.474797493
2010-04-21 21:02:20.734,-1.007237668,48.16256266,0.9986,3.001,3.473614452
2010-04-21 21:02:30.843,-1.006578494,48.15193225,0.9986,3.0,3.472463621
2010-04-21 21:02:40.906,-1.008534491,48.14337805,0.9986,2.999,3.471121825
2010-04-21 21:02:51.031,-1.008021642,48.17140132,0.9988,2.997,3.470021662
2010-04-21 21:03:01.109,-1.005964689,48.1890186,0.9988,2.996,3.468731009
2010-04-21 21:03:11.187,-1.007376996,48.16820332,0.9988,2.995,3.467361549
2010-04-21 21:03:21.265,-1.007094019,48.18229928,0.9988,2.993,3.466023738
2010-04-21 21:03:31.343,-1.007652674,48.20462865,0.9988,2.992,3.46442429
2010-04-21 21:03:41.421,-1.006675092,48.2016123,0.9986,2.991,3.463067177
2010-04-21 21:03:51.453,-1.008611785,48.19557438,0.9986,2.989,3.461359467
2010-04-21 21:04:01.562,-1.007432073,48.21801212,0.9988,2.987,3.459954717
2010-04-21 21:04:11.640,-1.006455782,48.20689503,0.9988,2.986,3.458511137
2010-04-21 21:04:21.750,-1.006939997,48.22435727,0.9988,2.984,3.456419177
2010-04-21 21:04:31.812,-1.005308544,48.22758661,0.9988,2.983,3.454844881
2010-04-21 21:04:41.875,-1.007810682,48.22236293,0.9986,2.981,3.453123112
2010-04-21 21:04:51.937,-1.008172737,48.22848744,0.9988,2.979,3.451222957
2010-04-21 21:05:01.984,-1.008300565,48.24477394,0.9988,2.977,3.449173151
2010-04-21 21:05:12.093,-1.005452791,48.23793774,0.9988,2.975,3.447384909
2010-04-21 21:05:22.140,-1.006739411,48.25180542,0.9988,2.973,3.445238114
2010-04-21 21:05:32.187,-1.007596069,48.27137995,0.9986,2.971,3.443235256
2010-04-21 21:05:42.250,-1.008131584,48.29413072,0.9988,2.968,3.440813242
2010-04-21 21:05:52.312,-1.006712753,48.28943424,0.9986,2.966,3.438435619
2010-04-21 21:06:02.437,-1.007344865,48.29120777,0.9986,2.963,3.435921511
2010-04-21 21:06:12.531,-1.006693348,48.32251712,0.9988,2.961,3.433496118
2010-04-21 21:06:22.578,-1.005597879,48.32829184,0.9986,2.958,3.430444974
2010-04-21 21:06:32.625,-1.006919481,48.31358373,0.9986,2.955,3.427872959
2010-04-21 21:06:42.671,-1.008109727,48.32328223,0.9988,2.952,3.42488849
2010-04-21 21:06:52.781,-1.008578711,48.33929341,0.9986,2.949,3.42161634
2010-04-21 21:07:02.859,-1.009613454,48.36023022,0.9988,2.946,3.418195944
2010-04-21 21:07:12.953,-1.008223031,48.35510352,0.9988,2.943,3.414509448
2010-04-21 21:07:23.015,-1.00606375,48.37979589,0.9986,2.939,3.410895955
2010-04-21 21:07:33.078,-1.009115427,48.40150542,0.9988,2.935,3.406978401
2010-04-21 21:07:43.187,-1.00611988,48.40653148,0.9988,2.931,3.402567446
2010-04-21 21:07:53.218,-1.007370376,48.42395217,0.9986,2.926,3.398426273
2010-04-21 21:08:03.296,-1.003818673,48.44920042,0.9986,2.922,3.393317954
2010-04-21 21:08:13.328,-1.008141715,48.4594053,0.9988,2.917,3.38899028
2010-04-21 21:08:23.390,-1.006028169,48.47004452,0.9986,2.912,3.3837206
2010-04-21 21:08:33.406,-1.009334085,48.47385724,0.9986,2.907,3.378583692
2010-04-21 21:08:43.500,-1.007334828,48.48745312,0.9988,2.901,3.373258055
2010-04-21 21:08:53.640,-1.007317187,48.50451806,0.9986,2.895,3.367258516
2010-04-21 21:09:03.687,-1.006500143,48.509241,0.9986,2.89,3.361137441
2010-04-21 21:09:13.812,-1.009891315,48.50486576,0.9986,2.883,3.354994528
2010-04-21 21:09:23.937,-1.00642204,48.5288509,0.9986,2.877,3.348088405
2010-04-21 21:09:34.031,-1.008981958,48.56436447,0.9988,2.87,3.341256828
2010-04-21 21:09:44.140,-1.006928431,48.55505971,0.9986,2.863,3.334231383
2010-04-21 21:09:54.218,-1.006957264,48.55506788,0.9986,2.856,3.326953552
2010-04-21 21:10:04.265,-1.007333547,48.58912489,0.9986,2.849,3.319246177
2010-04-21 21:10:14.296,-1.007806815,48.58963576,0.9986,2.841,3.311605321
2010-04-21 21:10:24.406,-1.007686229,48.61868988,0.9986,2.833,3.303249091
2010-04-21 21:10:34.468,-1.006146324,48.60179732,0.9988,2.824,3.294757759
2010-04-21 21:10:44.578,-1.0089596,48.61663459,0.9986,2.815,3.286080139
2010-04-21 21:10:54.671,-1.008136883,48.62232828,0.9988,2.807,3.276945856
2010-04-21 21:11:04.718,-1.006721279,48.65363637,0.9988,2.797,3.267538599
2010-04-21 21:11:14.734,-1.006911387,48.63703323,0.9986,2.788,3.257789612
2010-04-21 21:11:24.734,-1.006328355,48.66423187,0.9988,2.777,3.248097725
2010-04-21 21:11:34.765,-1.007924336,48.67356905,0.9986,2.767,3.23722066
2010-04-21 21:11:44.812,-1.006680978,48.66944813,0.9988,2.757,3.226163654
2010-04-21 21:11:54.828,-1.007612821,48.68896232,0.9986,2.745,3.214631528
2010-04-21 21:12:04.890,-1.007042331,48.70502806,0.9986,2.733,3.202786142
2010-04-21 21:12:14.968,-1.008370951,48.70770469,0.9988,2.721,3.190121717
2010-04-21 21:12:24.984,-1.006944353,48.69319472,0.9988,2.708,3.176953197
2010-04-21 21:12:35.000,-1.008526926,48.70456371,0.9986,2.695,3.163423926
2010-04-21 21:12:45.093,-1.007434779,48.73157314,0.9988,2.681,3.14877022
2010-04-21 21:12:55.156,-1.006232612,48.74399833,0.9988,2.666,3.133786386
2010-04-21 21:13:05.281,-1.00672749,48.75755534,0.9986,2.65,3.117682383
2010-04-21 21:13:15.375,-1.008254929,48.76675184,0.9986,2.634,3.100693203
2010-04-21 21:13:25.375,-1.008130985,48.74497181,0.9988,2.616,3.083014865
2010-04-21 21:13:35.593,-1.008316943,48.77921478,0.9988,2.598,3.063965242
2010-04-21 21:13:45.906,-1.008507633,48.76504069,0.9986,2.578,3.043077879
2010-04-21 21:13:56.093,-1.006822221,48.80088297,0.9988,2.556,3.021050336
2010-04-21 21:14:06.296,-1.010067423,48.80461737,0.9986,2.533,2.997439437
2010-04-21 21:14:16.515,-1.006961385,48.80186152,0.9988,2.508,2.971097479
2010-04-21 21:14:26.718,-1.005767635,48.82104,0.9986,2.48,2.941543849
2010-04-21 21:14:36.953,-1.007285808,48.80978464,0.9988,2.448,2.907654359
2010-04-21 21:14:47.125,-1.008780109,48.82054099,0.9988,2.412,2.869874097
2010-04-21 21:14:57.375,-1.007677447,48.80813238,0.9986,2.372,2.828637946
2010-04-21 21:15:07.609,-1.008058328,48.81378553,0.9988,2.328,2.782932222
2010-04-21 21:15:17.812,-1.008672918,48.81847933,0.9988,2.28,2.732421817
2010-04-21 21:15:27.984,-1.007135223,48.81654955,0.9988,2.225,2.675443026
2010-04-21 21:15:38.140,-1.009117469,48.84149116,0.9986,2.165,2.611280104
2010-04-21 21:15:48.328,-1.006464392,48.8909527,0.9988,2.097,2.539928447
2010-04-21 21:15:58.531,-1.008402639,48.92867253,0.9988,2.021,2.465120841
2010-04-21 21:16:08.734,-1.007698099,48.97588714,0.9986,1.948,2.391609969
2010-04-21 21:16:18.921,-1.006786612,49.05412491,0.9986,1.875,2.321001843
2010-04-21 21:16:29.187,-1.008890966,49.1228751,0.9986,1.804,2.253631581
2010-04-21 21:16:39.375,-1.008778172,49.23053833,0.9986,1.741,2.192146669
